{
    "fsbb":{
        "ctl_params": {
            "os": 5,
            "ts": 0.0005,
            "alpha": 0.05,
            "filt_en": 0,
            "kd": 0
        },
        "exp_params": {
            "v_ref": 12,
            "v_ref_step_up": 14
        },
        "ramp_params": {
            "u_ref": 0.2,
            "u_step": 0.001
        },
        "meas_gains": {
            "ii_gain": 0.012080511078238487,
            "ii_ofs": -24.80068588256836,
            "il_gain": 0.012452883645892143,
            "il_ofs": -25.4410457611084,
            "io_gain": 0.011751353740692139,
            "io_ofs": -23.737125396728516,
            "vi_gain": 0.014789273031055927,
            "vi_ofs": -0.008375518023967743,
            "vo_dc_gain": 0.01464151032269001,
            "vo_dc_ofs": -0.012438849546015263,
            "vo_gain": 0.01472469698637724,
            "vo_ofs": -0.007491753902286291
        },
        "model_params": {
            "V_in": 8,

            "Rs": 0.05,
            "Ls": 1e-07,

            "L": 1.5e-05,
            "RL": 0.015,

            "C_in": 0.0001,
            "R_C_in": 0.025,
            "V_in_ini": "V_in",

            "C_out": 0.0001,
            "R_C_out": 0.025,
            "V_out_ini": 0,

            "R_load": 10,

            "f_pwm": 100000.0,
            "R_ds": 0.025
        }
    },
    "cpl":{
        "ctl_params": {
            "os": 5,
            "ts": 0.0005,
            "v_min": 10,
            "v_max": 35
        },
        "exp_params": {
            "v_ref": 15,
            "v_ref_step_up": 18
        },
        "ramp_params": {
            "u_ref": 0.15,
            "u_step": 0.001
        },
        "meas_gains": {
            "ii_gain": 0.012080511078238487,
            "ii_ofs": -24.80068588256836,
            "il_gain": 0.012452883645892143,
            "il_ofs": -25.4410457611084,
            "io_gain": 0.011751353740692139,
            "io_ofs": -23.737125396728516,
            "vi_gain": 0.014789273031055927,
            "vi_ofs": -0.008375518023967743,
            "vo_dc_gain": 0.01464151032269001,
            "vo_dc_ofs": -0.012438849546015263,
            "vo_gain": 0.01472469698637724,
            "vo_ofs": -0.007491753902286291
        },
        "model_params": {
            "V_in": 30,

            "Rs": 0.05,
            "Ls": 1e-07,

            "L": 1.5e-05,
            "RL": 0.015,

            "C_in": 0.0001,
            "R_C_in": 0.025,
            "V_in_ini": "V_in",

            "C_out": 0.0001,
            "R_C_out": 0.025,
            "V_out_ini": 0,

            "R_load": 4,

            "f_pwm": 100000.0,
            "R_ds": 0.025
        }
    }
}
