{
    "board": "B1",
    "meas_gains":{
        "ii_gain": 0.011889383351995065,
        "ii_ofs": -24.494910285072688,
        "il_gain": 0.012466424860617406,
        "il_ofs": -25.785729973524884,
        "io_gain": 0.011656177219843845,
        "io_ofs": -23.66110641788972,
        "vi_gain": 0.014749560657980255,
        "vi_ofs": 0.012700617431617978,
        "vo_dc_gain": 0.014719571277266107,
        "vo_dc_ofs": -0.00071571952408019,
        "vo_gain": 0.014729190464973872,
        "vo_ofs": -0.007892992612002664
    },
    "board": "B2",
    "meas_gains":{
        "ii_gain": 0.012080511078238487,
        "ii_ofs": -24.80068588256836,
        "il_gain": 0.012452883645892143,
        "il_ofs": -25.4410457611084,
        "io_gain": 0.011751353740692139,
        "io_ofs": -23.737125396728516,
        "vi_gain": 0.014789273031055927,
        "vi_ofs": -0.008375518023967743,
        "vo_dc_gain": 0.01464151032269001,
        "vo_dc_ofs": -0.012438849546015263,
        "vo_gain": 0.01472469698637724,
        "vo_ofs": -0.007491753902286291
    }
}
